{"McKinsey": 1.0, "Ibm Global Services Redes de Ordenadores y Servicios sa": 0.9950248756218906, "Clarity Insights": 0.990049751243781, "PwC": 0.9850746268656716, "Nokia Corporation": 0.9800995024875622, "Ryerson University": 0.9751243781094527, "EY-Parthenon": 0.9701492537313433, "The Boston Consulting Group": 0.9651741293532338, "KPMG India": 0.9601990049751243, "Siemens": 0.9552238805970149, "HP Enterprise": 0.9502487562189055, "Entrepreneur First": 0.945273631840796, "Capgemini": 0.9402985074626865, "KATHREIN": 0.9353233830845771, "Deutsche Bank": 0.9303482587064676, "Bain and Company": 0.9253731343283582, "HSBC": 0.9203980099502488, "Vodafone": 0.9154228855721392, "Rocket Internet": 0.9104477611940298, "Startup Week": 0.9054726368159204, "ClearCarbon": 0.900497512437811, "University of Cambridge": 0.8955223880597015, "The Financialist": 0.890547263681592, "Philips": 0.8855721393034826, "HockeyApp": 0.8805970149253731, "Microsoft": 0.8756218905472637, "Eidgen\u00f6ssische Technische Hochschule Z\u00fcrich (ETH Zurich)": 0.8706467661691543, "Sunopsis": 0.8656716417910447, "IBM": 0.8606965174129353, "Procter & Gamble": 0.8557213930348259, "Cognitive Security": 0.8507462686567164, "Citibank": 0.845771144278607, "Executive Agency for Small and Medium-sized Enterprises": 0.8407960199004975, "Deloitte": 0.835820895522388, "Antler": 0.8308457711442786, "Accenture": 0.8258706467661692, "Merrill Lynch": 0.8208955223880597, "Barclays": 0.8159203980099502, "Climate Pledge Fund": 0.8109452736318408, "Societe Generale": 0.8059701492537313, "Unilever N.V.": 0.8009950248756219, "Apple": 0.7960199004975124, "Seedcamp": 0.7910447761194029, "Google, Motorola Mobility division": 0.7860696517412935, "Intel Corporation": 0.7810945273631841, "ABN AMRO Bank N.V.": 0.7761194029850746, "GlaxoSmithKline": 0.7711442786069651, "Google": 0.7661691542288557, "Synthorx": 0.7611940298507462, "Roland Berger GmbH": 0.7562189054726368, "Hewlett Packard": 0.7512437810945274, "Estring": 0.7462686567164178, "Roche Innovatis": 0.7412935323383084, "Cisco": 0.736318407960199, "Schlumberger": 0.7313432835820896, "EY Ernst & Young": 0.7263681592039801, "Solargency": 0.7213930348258706, "Time for the Planet": 0.7164179104477612, "Novartis": 0.7114427860696517, "Airbus Defence and Space": 0.7064676616915423, "Telenor": 0.7014925373134329, "Technical University Munich (TUM)": 0.6965174129353233, "Massachusetts Institute of Technology (MIT)": 0.6915422885572139, "Yahoo Inc.": 0.6865671641791045, "KPN": 0.681592039800995, "UBS": 0.6766169154228856, "Lehman Brothers": 0.6716417910447761, "University College London": 0.6666666666666666, "L'Oreal": 0.6616915422885572, "Delft University of Technology (TU Delft)": 0.6567164179104478, "AstraZeneca": 0.6517412935323383, "Danone": 0.6467661691542288, "Meta": 0.6417910447761194, "Kearney": 0.6368159203980099, "Groupon": 0.6318407960199005, "Barclays Corporate & Investment Bank": 0.6268656716417911, "Thales Group": 0.6218905472636815, "Dell Technologies": 0.6169154228855721, "Logica": 0.6119402985074627, "Founders Forum For Good": 0.6069651741293532, "BP Europe SE / Aral AG": 0.6019900497512438, "Johnson & Johnson": 0.5970149253731343, "Stanford University": 0.5920398009950248, "Amblyotech": 0.5870646766169154, "Yahoo!": 0.582089552238806, "Dassault Systemes": 0.5771144278606966, "Commerz Grundbesitz Beteiligungsgesellschaft mbH & Co. KG": 0.572139303482587, "Goldman Sachs": 0.5671641791044776, "MIT-IBM Watson AI Lab": 0.5621890547263682, "SAP SE": 0.5572139303482587, "TietoEVRY": 0.5522388059701493, "Thomson Reuters Incubator": 0.5472636815920398, "STMicroelectronics": 0.5422885572139303, "Telia Company AB": 0.5373134328358209, "BNP Paribas": 0.5323383084577115, "Lloyds Banking Group": 0.527363184079602, "AXA": 0.5223880597014925, "EBay": 0.5174129353233831, "Founder Institute": 0.5124378109452736, "CEA": 0.5074626865671642, "KPMG": 0.5024875621890548, "Mercedes-Benz": 0.4975124378109453, "AT&T": 0.4925373134328358, "Nordea Bank": 0.48756218905472637, "BBC": 0.4825870646766169, "Sopra Steria": 0.47761194029850745, "Uber": 0.472636815920398, "Sky": 0.46766169154228854, "Revolut": 0.4626865671641791, "JP Morgan": 0.4577114427860696, "Rabobank": 0.4527363184079602, "PA Consulting": 0.44776119402985076, "Electronic Arts": 0.4427860696517413, "Monica Healthcare": 0.43781094527363185, "AIESEC": 0.43283582089552236, "Bearing Point": 0.42786069651741293, "Ghent University": 0.4228855721393035, "GE Capital": 0.417910447761194, "Norwegian Naval Academy": 0.4129353233830846, "Accelerate Cambridge": 0.4079601990049751, "Oliver Wyman": 0.40298507462686567, "PayPal": 0.3980099502487562, "KTH Royal Institute of Technology": 0.39303482587064675, "CERN Pension Fund": 0.3880597014925373, "Nestl\u00e9": 0.38308457711442784, "Pressure Pipe Inspection Company": 0.3781094527363184, "Bosch": 0.3731343283582089, "Orange": 0.3681592039800995, "NXP Semiconductors": 0.36318407960199006, "The Galion Project": 0.3582089552238806, "Forbes Technology Council": 0.35323383084577115, "JPMorgan Chase & Co": 0.34825870646766166, "Pavilion": 0.34328358208955223, "University of Bristol": 0.3383084577114428, "Activa Live": 0.3333333333333333, "Tesla Motors": 0.3283582089552239, "Texas Instruments": 0.3233830845771144, "Microsoft for Startups MEA": 0.31840796019900497, "3i Group": 0.31343283582089554, "Sony": 0.30845771144278605, "Credit Suisse": 0.3034825870646766, "Amazon": 0.29850746268656714, "TotalEnergies": 0.2935323383084577, "Rothschild & Co": 0.2885572139303483, "Nomura": 0.2835820895522388, "Ericsson": 0.27860696517412936, "Renault Group": 0.2736318407960199, "Ogilvy & Mather": 0.26865671641791045, "Reseau Entreprendre": 0.263681592039801, "Startupbootcamp Smart Materials": 0.25870646766169153, "Speedinvest": 0.2537313432835821, "Bae Systems": 0.24875621890547264, "ARM": 0.24378109452736318, "Schneider Electric": 0.23880597014925373, "Inria Startup Studio": 0.23383084577114427, "Primer": 0.2288557213930348, "Santander Group": 0.22388059701492538, "Danske Bank": 0.21890547263681592, "Arthur D Little": 0.21393034825870647, "IQVIA": 0.208955223880597, "Aviva": 0.20398009950248755, "Mansa": 0.1990049751243781, "On Deck": 0.19402985074626866, "Orange Social Venture Prize": 0.1890547263681592, "CRITEO": 0.18407960199004975, "Upflow": 0.1791044776119403, "Infineon Technologies": 0.17412935323383083, "Motorola": 0.1691542288557214, "Maersk": 0.16417910447761194, "Visa": 0.15920398009950248, "VISMA": 0.15422885572139303, "Given Imaging": 0.14925373134328357, "Beam": 0.14427860696517414, "Rollee": 0.13930348258706468, "IE Business School": 0.13432835820895522, "DHL": 0.12935323383084577, "Amazon Rekognition": 0.12437810945273632, "Fortis Bank France": 0.11940298507462686, "Newedge Group": 0.1144278606965174, "University of Copenhagen": 0.10945273631840796, "Klarna": 0.1044776119402985, "Morgan Stanley": 0.09950248756218905, "Volkswagen Group": 0.0945273631840796, "Telekom Innovation Laboratories": 0.08955223880597014, "Digitas": 0.0845771144278607, "Meta (formerly Facebook)": 0.07960199004975124, "Startup Wise Guys": 0.07462686567164178, "Credit Agricole CIB": 0.06965174129353234, "Deliveroo": 0.06467661691542288, "Nova": 0.05970149253731343, "Copenhagen Business School": 0.05472636815920398, "Forbes": 0.04975124378109452, "Endeavor": 0.04477611940298507, "Techatbloomberg": 0.03980099502487562, "Earlybird Venture Capital": 0.03482587064676617, "Thermo Fisher Scientific": 0.029850746268656716, "HEC Paris": 0.02487562189054726, "National Health Service": 0.01990049751243781, "Booz Allen Hamilton": 0.014925373134328358, "Alstom": 0.009950248756218905, "Swedish Armed Forces": 0.004975124378109453}