{"European Innovation Council": 1.0, "Eurostars SME programme": 0.9950248756218906, "Bpifrance": 0.990049751243781, "Tech Nation": 0.9850746268656716, "Innovation Norway": 0.9800995024875622, "Plug and Play": 0.9751243781094527, "Techstars": 0.9701492537313433, "EIT Health e.V.": 0.9651741293532338, "High-Tech Gr\u00fcnderfonds": 0.9601990049751243, "Eurazeo": 0.9552238805970149, "EIT Climate-KIC": 0.9502487562189055, "Techstars Berlin": 0.945273631840796, "Kima Ventures": 0.9402985074626865, "Techstars Dubai": 0.9353233830845771, "Venture Kick": 0.9303482587064676, "Innovate UK": 0.9253731343283582, "Ardian": 0.9203980099502488, "MassChallenge": 0.9154228855721392, "Enterprise Ireland": 0.9104477611940298, "Omnes Capital": 0.9054726368159204, "Plug & Play Topeka": 0.900497512437811, "Crowdcube": 0.8955223880597015, "EIC Fund (European Innovation Council Fund)": 0.890547263681592, "Business Growth Fund": 0.8855721393034826, "Y Combinator": 0.8805970149253731, "Seedcamp": 0.8756218905472637, "Almi Invest": 0.8706467661691543, "Seedrs": 0.8656716417910447, "Speedinvest": 0.8606965174129353, "EUREKA Network Projects": 0.8557213930348259, "SFC Capital": 0.8507462686567164, "Agoranov": 0.845771144278607, "Basque Government": 0.8407960199004975, "Partech": 0.835820895522388, "Start it @KBC": 0.8308457711442786, "BEAZ": 0.8258706467661692, "Octopus Ventures": 0.8208955223880597, "LDC": 0.8159203980099502, "Mercia Asset Management": 0.8109452736318408, "Index Ventures": 0.8059701492537313, "Seventure Partners": 0.8009950248756219, "Entrepreneur First": 0.7960199004975124, "Maven Capital Partners": 0.7910447761194029, "Techstars Boston": 0.7860696517412935, "Sofinnova Partners": 0.7810945273631841, "EQT Group": 0.7761194029850746, "Main Capital Partners": 0.7711442786069651, "StartupLab": 0.7661691542288557, "VISMA": 0.7611940298507462, "Indutrade": 0.7562189054726368, "Accenture": 0.7512437810945274, "Fondation FIT": 0.7462686567164178, "btov Partners": 0.7412935323383084, "LocalGlobe": 0.736318407960199, "Diputaci\u00f3n Foral de Bizkaia": 0.7313432835820896, "Startup Wise Guys": 0.7263681592039801, "Wayra": 0.7213930348258706, "Scottish Enterprise Growth Investments": 0.7164179104477612, "Insight Partners": 0.7114427860696517, "Amadeus Capital Partners": 0.7064676616915423, "Accel": 0.7014925373134329, "Verdane Capital": 0.6965174129353233, "XAnge": 0.6915422885572139, "EIT InnoEnergy": 0.6865671641791045, "Intel Capital": 0.681592039800995, "Global Founders Capital": 0.6766169154228856, "Parkwalk Advisors": 0.6716417910447761, "Elaia Partners": 0.6666666666666666, "Creative Destruction Lab": 0.6616915422885572, "Le Village by CA": 0.6567164179104478, "HV Capital": 0.6517412935323383, "European Investment Bank": 0.6467661691542288, "Startupbootcamp": 0.6417910447761194, "GIMV": 0.6368159203980099, "BIC Bizkaia": 0.6318407960199005, "Executive Agency for Small and Medium-sized Enterprises": 0.6268656716417911, "Inveready": 0.6218905472636815, "Eidgen\u00f6ssische Technische Hochschule Z\u00fcrich (ETH Zurich)": 0.6169154228855721, "SOSV": 0.6119402985074627, "Capita Group": 0.6069651741293532, "KKR": 0.6019900497512438, "EIT Digital Accelerator": 0.5970149253731343, "VF Venture (V\u00e6kstfonden)": 0.5920398009950248, "MMC Ventures": 0.5870646766169154, "LivingBridge": 0.582089552238806, "Balderton Capital": 0.5771144278606966, "Northzone": 0.572139303482587, "Portugal Ventures": 0.5671641791044776, "CAPITA": 0.5621890547263682, "Creandum": 0.5572139303482587, "3i Group": 0.5522388059701493, "BIND 4.0 - Basque Open Innovation Platform": 0.5472636815920398, "Earlybird Venture Capital": 0.5422885572139303, "University of Oxford": 0.5373134328358209, "Paris&Co": 0.5323383084577115, "Wellington Partners": 0.527363184079602, "Point Nine": 0.5223880597014925, "Demeter Partners": 0.5174129353233831, "Cambridge Angels": 0.5124378109452736, "Sting": 0.5074626865671642, "360 Capital Partners": 0.5024875621890548, "Cr\u00e9dit Agricole": 0.4975124378109453, "CM-CIC Innovation": 0.4925373134328358, "BIC Gipuzkoa": 0.48756218905472637, "Waterland Private Equity": 0.4825870646766169, "Hg Capital": 0.47761194029850745, "The Carlyle Group": 0.472636815920398, "Industrifonden": 0.46766169154228854, "Techstars Berlin Accelerator": 0.4626865671641791, "CDP Venture Capital": 0.4577114427860696, "Maria 01": 0.4527363184079602, "CDTI": 0.44776119402985076, "Scottish Enterprise": 0.4427860696517413, "CVS Group plc": 0.43781094527363185, "Verve Ventures": 0.43283582089552236, "Antler": 0.42786069651741293, "Foresight Group": 0.4228855721393035, "Molten Ventures (Formerly Draper Esprit)": 0.417910447761194, "PMV": 0.4129353233830846, "EQT Ventures": 0.4079601990049751, "ACF Investors ( formerly Angel CoFund )": 0.40298507462686567, "Equistone": 0.3980099502487562, "University of Cambridge": 0.39303482587064675, "Naxicap Partners": 0.3880597014925373, "PFR Ventures": 0.38308457711442784, "Propel Capital": 0.3781094527363184, "Tesi": 0.3731343283582089, "Bayern Kapital": 0.3681592039800995, "Notion Capital": 0.36318407960199006, "500 Global": 0.3582089552238806, "CVC Capital Partners": 0.35323383084577115, "The Riverside Company": 0.34825870646766166, "Sap.io": 0.34328358208955223, "Cherry Ventures": 0.3383084577114428, "BOM Brabant Ventures": 0.3333333333333333, "BNP Paribas": 0.3283582089552239, "techUK": 0.3233830845771144, "IQ Capital": 0.31840796019900497, "Nordic Capital": 0.31343283582089554, "imec.istart": 0.30845771144278605, "Heartcore Capital (Sunstone Capital)": 0.3034825870646766, "Tikehau Capital": 0.29850746268656714, "Advent International": 0.2935323383084577, "TechQuartier": 0.2885572139303483, "Astorg": 0.2835820895522388, "IBB Ventures": 0.27860696517412936, "Business Finland": 0.2736318407960199, "Barclays": 0.26865671641791045, "Alven": 0.263681592039801, "Nauta Capital": 0.25870646766169153, "Caixa Capital Risc": 0.2537313432835821, "Chalmers Ventures": 0.24875621890547264, "Innovationsstarter Fonds": 0.24378109452736318, "InnovationQuarter": 0.23880597014925373, "Novo Holdings": 0.23383084577114427, "Scottish Equity Partners": 0.2288557213930348, "Target Global": 0.22388059701492538, "Atlantic Labs": 0.21890547263681592, "Google for Startups Accelerator": 0.21393034825870647, "Turenne Capital": 0.208955223880597, "Innovacom": 0.20398009950248755, "Investinor": 0.1990049751243781, "Bridgepoint": 0.19402985074626866, "Ventech": 0.1890547263681592, "Summit Partners": 0.18407960199004975, "Force Over Mass Capital": 0.1791044776119403, "YFM Equity Partners": 0.17412935323383083, "Mobeus Equity Partners": 0.1691542288557214, "Apax Partners": 0.16417910447761194, "Inventure": 0.15920398009950248, "Capnamic Ventures": 0.15422885572139303, "Seed Capital Denmark": 0.14925373134328357, "Frontline Ventures": 0.14427860696517414, "Anthemis Group": 0.13930348258706468, "AlbionVC": 0.13432835820895522, "Newfund": 0.12935323383084577, "University of Bristol Enterprise Fund": 0.12437810945273632, "Development Bank of Wales": 0.11940298507462686, "BlackFin Capital Partners": 0.1144278606965174, "Startupbootcamp Smart Materials": 0.10945273631840796, "MK Venture Capital": 0.1044776119402985, "Project A": 0.09950248756218905, "Lakestar": 0.0945273631840796, "Ideon Science Park": 0.08955223880597014, "Inflexion Private Equity": 0.0845771144278607, "Par Equity": 0.07960199004975124, "Charlie Songhurst": 0.07462686567164178, "LBO France": 0.06965174129353234, "Truffle Capital": 0.06467661691542288, "Wilco": 0.05970149253731343, "ISAI": 0.05472636815920398, "Redalpine": 0.04975124378109452, "FJ Labs": 0.04477611940298507, "European Commission": 0.03980099502487562, "PreSeed Ventures": 0.03482587064676617, "Science & Startups": 0.029850746268656716, "Pitch@Palace": 0.02487562189054726, "Syndicate Room": 0.01990049751243781, "Startup Sweden": 0.014925373134328358, "APX Ventures": 0.009950248756218905, "Hoxton Ventures": 0.004975124378109453}