{"University of Cambridge": 1.0, "HEC Paris": 0.9950248756218906, "Technical University Munich (TUM)": 0.990049751243781, "Copenhagen Business School": 0.9850746268656716, "Harvard Business School": 0.9800995024875622, "London School of Economics and Political Science": 0.9751243781094527, "London Business School": 0.9701492537313433, "INSEAD": 0.9651741293532338, "Stanford University": 0.9601990049751243, "University College London": 0.9552238805970149, "Delft University of Technology (TU Delft)": 0.9502487562189055, "Eidgen\u00f6ssische Technische Hochschule Z\u00fcrich (ETH Zurich)": 0.945273631840796, "KTH Royal Institute of Technology": 0.9402985074626865, "Massachusetts Institute of Technology (MIT)": 0.9353233830845771, "Harvard University": 0.9303482587064676, "Ecole Centrale Paris": 0.9253731343283582, "IESE Business School": 0.9203980099502488, "Ghent University": 0.9154228855721392, "University of Manchester": 0.9104477611940298, "University of St.Gallen": 0.9054726368159204, "University of Oxford": 0.900497512437811, "Chalmers University of Technology": 0.8955223880597015, "Universitat Polit\u00e8cnica de Catalunya (UPC)": 0.890547263681592, "Erasmus University Rotterdam": 0.8855721393034826, "Pierre and Marie Curie University (Paris VI)": 0.8805970149253731, "ESCP Europe": 0.8756218905472637, "University of California, Berkeley": 0.8706467661691543, "ESSEC Business School": 0.8656716417910447, "ESADE Business and Law School": 0.8606965174129353, "University of Bristol": 0.8557213930348259, "IE Business School": 0.8507462686567164, "Stanford Graduate School of Business": 0.845771144278607, "IMD Business School": 0.8407960199004975, "The Wharton School": 0.835820895522388, "Universidad Polit\u00e9cnica de Madrid": 0.8308457711442786, "University of Amsterdam": 0.8258706467661692, "Lund University": 0.8208955223880597, "University of Copenhagen": 0.8159203980099502, "KU Leuven": 0.8109452736318408, "Norwegian University of Science and Technology (NTNU)": 0.8059701492537313, "Bocconi University": 0.8009950248756219, "Politecnico di Milano": 0.7960199004975124, "Technical University Berlin": 0.7910447761194029, "Georgia Institute of Technology": 0.7860696517412935, "University College Dublin": 0.7810945273631841, "Trinity College Dublin": 0.7761194029850746, "EM Lyon Business School": 0.7711442786069651, "Universitat de Barcelona": 0.7661691542288557, "Karlsruhe Institute of Technology (KIT) - Karlsruher Institut f\u00fcr Technologie": 0.7611940298507462, "Aarhus University": 0.7562189054726368, "Aalto University": 0.7512437810945274, "Imperial College London": 0.7462686567164178, "University of Southampton": 0.7412935323383084, "University of Nottingham": 0.736318407960199, "University of Paris I: Panth\u00e9on-Sorbonne": 0.7313432835820896, "Newcastle University": 0.7263681592039801, "Eindhoven University of Technology (TU/e)": 0.7213930348258706, "The Open University": 0.7164179104477612, "Technical University of Denmark": 0.7114427860696517, "Instituto de Magnetismo Aplicado - Laboratorio Salvador Velayos UCM ADIF": 0.7064676616915423, "Universit\u00e9 Paris Cit\u00e9": 0.7014925373134329, "EDHEC Business School": 0.6965174129353233, "Universit\u00e9 Paris Dauphine": 0.6915422885572139, "Maastricht University": 0.6865671641791045, "Autonomous University of Barcelona (UAB)": 0.681592039800995, "Columbia Business School": 0.6766169154228856, "\u00c9cole Polytechnique de Paris": 0.6716417910447761, "University of Sheffield": 0.6666666666666666, "Telecom Paris": 0.6616915422885572, "Free University of Berlin": 0.6567164179104478, "University of Bath": 0.6517412935323383, "Technical University of Vienna": 0.6467661691542288, "University of Warsaw": 0.6417910447761194, "Loughborough University": 0.6368159203980099, "University of Edinburgh": 0.6318407960199005, "Boston University": 0.6268656716417911, "McGill University": 0.6218905472636815, "Institute of Chartered Accountants in England and Wales": 0.6169154228855721, "Tilburg University": 0.6119402985074627, "University of Twente": 0.6069651741293532, "SDA Bocconi | School of Management": 0.6019900497512438, "Universidad Pontificia Comillas": 0.5970149253731343, "University Polit\u00e8cnica de Val\u00e8ncia": 0.5920398009950248, "University of Deusto": 0.5870646766169154, "University of Antwerp": 0.582089552238806, "Durham University": 0.5771144278606966, "Grenoble Ecole de Management": 0.572139303482587, "Univ. Carlos III de Madrid": 0.5671641791044776, "Politecnico di Torino": 0.5621890547263682, "Dublin City University": 0.5572139303482587, "Cass Business School": 0.5522388059701493, "Paris-Sud University (Paris XI)": 0.5472636815920398, "University of Surrey": 0.5422885572139303, "University of Exeter": 0.5373134328358209, "Tel Aviv University": 0.5323383084577115, "Technological University Dublin": 0.527363184079602, "University of Southern Denmark": 0.5223880597014925, "WHU \u2013 Otto Beisheim School of Management": 0.5174129353233831, "Vrije Universiteit Amsterdam": 0.5124378109452736, "University of Glasgow": 0.5074626865671642, "City, University of London": 0.5024875621890548, "Cornell University": 0.4975124378109453, "University of London": 0.4925373134328358, "University of Oulu": 0.48756218905472637, "Hogeschool Inholland": 0.4825870646766169, "Sapienza Universit\u00e0 di Roma": 0.47761194029850745, "Uppsala University": 0.472636815920398, "Heriot-Watt University": 0.46766169154228854, "University of Basque Country": 0.4626865671641791, "University of Westminster": 0.4577114427860696, "Babson Summer Venture Program": 0.4527363184079602, "Cardiff University": 0.44776119402985076, "Warsaw University of Technology": 0.4427860696517413, "Oxford Brookes University": 0.43781094527363185, "University of Warwick - Warwick Business School": 0.43283582089552236, "Kingston University": 0.42786069651741293, "University of Z\u00fcrich": 0.4228855721393035, "Helsingin kauppakorkeakoulu": 0.417910447761194, "University of Lausanne": 0.4129353233830846, "University of Cape Town": 0.4079601990049751, "The Power MBA": 0.40298507462686567, "Le Wagon": 0.3980099502487562, "Uni Mannheim": 0.39303482587064675, "University of Sydney": 0.3880597014925373, "Fontys Hogescholen": 0.38308457711442784, "European Business School Oestrich-Winkel": 0.3781094527363184, "CIM | The Chartered Institute of Marketing": 0.3731343283582089, "Ryerson University": 0.3681592039800995, "University of Bologna": 0.36318407960199006, "Cranfield School of Management": 0.3582089552238806, "University of the West of England": 0.35323383084577115, "Stockholm University": 0.34825870646766166, "University of York": 0.34328358208955223, "The University of Chicago Booth School of Business": 0.3383084577114428, "University of Tartu": 0.3333333333333333, "Vrije Universiteit Brussel": 0.3283582089552239, "University College Cork": 0.3233830845771144, "Humboldt University of Berlin": 0.31840796019900497, "Aalborg University": 0.31343283582089554, "RWTH Aachen University": 0.30845771144278605, "Nottingham Trent University": 0.3034825870646766, "Universitat Pompeu Fabra": 0.29850746268656714, "University of Portsmouth": 0.2935323383084577, "Lancaster University": 0.2885572139303483, "University of Navarra": 0.2835820895522388, "University of California, Los Angeles (UCLA)": 0.27860696517412936, "University Paris Nanterre": 0.2736318407960199, "Universidad de Sevilla": 0.26865671641791045, "Harvard Business School Executive Education": 0.263681592039801, "Tecnol\u00f3gico de Monterrey": 0.25870646766169153, "EPITECH - European Institute of Technology": 0.2537313432835821, "Duke University": 0.24875621890547264, "Universidad Aut\u00f3noma de Madrid": 0.24378109452736318, "Universit\u00e9 Panth\u00e9on Assas (Paris II)": 0.23880597014925373, "CEMS": 0.23383084577114427, "Universidade Nova de Lisboa": 0.2288557213930348, "Northwestern University": 0.22388059701492538, "University of Porto": 0.21890547263681592,